{
    "$schema": "https://go.kicad.org/pcm/schemas/v1",
    "name": "Push2OSHPark",
    "description": "Upload a board to OSHPark",
    "description_full": "Single click uploader that generates gerbers and uploads them to OSHPark",
    "identifier": "com.github.hdr.push2oshpark",
    "type": "plugin",
    "author": {
        "name": "HDR",
        "contact": {
            "web": "https://martinrefseth.com/"
        }
    },
    "license": "MIT",
    "resources": {
        "Github": "https://github.com/HDR/Push2OSHPark"
    },
    "tags": [
        "pcbnew"
    ],
    "versions": [{
            "version": "1.0",
            "status": "stable",
            "kicad_version": "6.0",
            "download_sha256": "540eccb9b23caf25562b4f97113d90cbfabe746ec9053a205d216f25fa432ee8",
            "download_url": "https://github.com/HDR/Push2OSHPark/releases/download/1.0/Push2OSHPark-PCM.zip",
            "install_size": 11181517,
            "download_size": 3803117
        }
    ]
}