{
    "$schema": "https://go.kicad.org/pcm/schemas/v1",
    "name": "Push2OSHPark",
    "description": "Upload a board to OSHPark",
    "description_full": "Single click uploader that generates gerbers and uploads them to OSHPark",
    "identifier": "com.github.hdr.push2oshpark",
    "type": "plugin",
    "author": {
        "name": "HDR",
        "contact": {
            "web": "https://martinrefseth.com/"
        }
    },
    "license": "MIT",
    "resources": {
        "Github": "https://github.com/HDR/Push2OSHPark"
    },
    "tags": [
        "pcbnew"
    ],
    "versions": [{
            "version": "1.0",
            "status": "stable",
            "kicad_version": "6.0",
            "download_sha256": "cbcc811d7d9f08855a30968bbf6d6c889b0d9c2437d527231cde209494142680",
            "download_url": "https://github.com/HDR/Push2OSHPark",
            "install_size": 11181517,
            "download_size": 3803117
        }
    ]
}